id,first_name,last_name,email,gender,department,salary
1,Dougie,Iwanczyk,diwanczyk0@princeton.edu,Male,Training,6242
2,Evanne,Mills,emills1@prlog.org,Female,Business Development,3733
3,Zebulon,Filippone,zfilippone2@creativecommons.org,Male,Product Management,3216
4,Gert,Drynan,gdrynan3@gravatar.com,Female,Product Management,4534
5,Conney,Goodburn,cgoodburn4@topsy.com,Male,Engineering,5250
6,Leese,Storms,lstorms5@answers.com,Female,Research and Development,4037
7,Grier,Pinchin,gpinchin6@mlb.com,Female,Training,5136
8,Saree,Armatys,sarmatys7@furl.net,Female,Engineering,7004
9,Nadiya,Staten,nstaten8@t.co,Female,Research and Development,7938
10,Martguerita,Kuhl,mkuhl9@nsw.gov.au,Female,Legal,7841
11,Gunter,Jansens,gjansensa@jiathis.com,Male,Marketing,5627
12,Thadeus,Dorbon,tdorbonb@dyndns.org,Male,Research and Development,6608
13,Jory,Pridham,jpridhamc@so-net.ne.jp,Male,Services,7174
14,Lewie,Mousley,lmousleyd@goo.gl,Male,Services,6056
15,Jeddy,Iacabucci,jiacabuccie@w3.org,Male,Marketing,4908
16,Stanislas,Ewebank,sewebankf@amazonaws.com,Male,Sales,3305
17,Thoma,Yielding,tyieldingg@auda.org.au,Male,Business Development,6435
18,Enid,Duer,eduerh@boston.com,Female,Human Resources,3771
19,Jose,Seson,jsesoni@bloomberg.com,Male,Training,4906
20,Bebe,Sadry,bsadryj@posterous.com,Female,Accounting,5343
21,Danyette,Greenaway,dgreenawayk@sakura.ne.jp,Female,Human Resources,3710
22,Inger,Houlston,ihoulstonl@intel.com,Male,Accounting,5773
23,Donella,Geraldi,dgeraldim@ebay.com,Female,Research and Development,5340
24,Clemmie,Upward,cupwardn@sogou.com,Male,Business Development,7898
25,Jasper,Yeoman,jyeomano@apache.org,Male,Human Resources,3311
26,Broderick,McCarrick,bmccarrickp@youtu.be,Male,Human Resources,7064
27,Rodge,Butterley,rbutterleyq@weibo.com,Male,Services,6721
28,Haley,Dominguez,hdominguezr@msn.com,Female,Legal,5749
29,Aldus,Errington,aerringtons@army.mil,Male,Human Resources,3347
30,Isabelita,Pettett,ipettettt@census.gov,Female,Services,3313
31,Tiphanie,Southcoat,tsouthcoatu@vinaora.com,Female,Marketing,6950
32,Inez,Keelinge,ikeelingev@squidoo.com,Female,Product Management,3240
33,Armand,Sarsfield,asarsfieldw@artisteer.com,Male,Legal,7643
34,Kalie,Djorvic,kdjorvicx@walmart.com,Female,Marketing,4772
35,Zorine,Vearnals,zvearnalsy@nationalgeographic.com,Female,Training,4233
36,Arlin,Bewshea,abewsheaz@amazon.co.jp,Male,Training,6861
37,Elinor,Knellen,eknellen10@furl.net,Female,Services,5846
38,Hewie,Jozwicki,hjozwicki11@alexa.com,Male,Services,7741
39,Perice,Sunock,psunock12@wikimedia.org,Male,Business Development,7918
40,Doria,Ainscow,dainscow13@twitter.com,Female,Research and Development,6344
41,Lucita,Odeson,lodeson14@nbcnews.com,Female,Marketing,3698
42,Lindie,Beisley,lbeisley15@china.com.cn,Female,Human Resources,5243
43,Josh,Kleinstein,jkleinstein16@nationalgeographic.com,Male,Marketing,5306
44,Amerigo,Discombe,adiscombe17@cornell.edu,Male,Product Management,4352
45,Arv,MacInerney,amacinerney18@apple.com,Male,Marketing,7375
46,Quintus,Sapey,qsapey19@imdb.com,Male,Legal,7954
47,Wyatt,Kirsch,wkirsch1a@nih.gov,Male,Services,5252
48,Rafaelia,Bly,rbly1b@scribd.com,Female,Training,4706
49,Deane,Rudeforth,drudeforth1c@ihg.com,Female,Training,5333
50,Vina,Tolchar,vtolchar1d@nasa.gov,Female,Business Development,5785
51,Charlene,Laurenz,claurenz1e@theglobeandmail.com,Female,Sales,6119
52,Giffard,Rolfs,grolfs1f@squarespace.com,Male,Training,6687
53,Fabe,Dantesia,fdantesia1g@usa.gov,Male,Training,7115
54,Cherin,Spottiswoode,cspottiswoode1h@netvibes.com,Female,Accounting,7171
55,Rozelle,Lawlan,rlawlan1i@linkedin.com,Female,Research and Development,5981
56,Kennedy,Attawell,kattawell1j@marriott.com,Male,Accounting,4542
57,Jessie,Sweed,jsweed1k@tiny.cc,Male,Research and Development,7587
58,Ulberto,Bilsborrow,ubilsborrow1l@dot.gov,Male,Training,3924
59,Maggy,Coldwell,mcoldwell1m@com.com,Female,Business Development,5565
60,Hardy,Dowty,hdowty1n@google.fr,Male,Human Resources,7096
61,Robinett,Clery,rclery1o@mysql.com,Female,Business Development,3612
62,Floyd,Sackes,fsackes1p@aboutads.info,Male,Human Resources,6495
63,Derril,Taill,dtaill1q@phpbb.com,Male,Legal,6407
64,Antonin,Hattigan,ahattigan1r@businessweek.com,Male,Marketing,4085
65,Gustave,Manhare,gmanhare1s@admin.ch,Male,Legal,6445
66,Evvy,Murrigan,emurrigan1t@blogspot.com,Female,Legal,7154
67,Joni,Skittrell,jskittrell1u@last.fm,Female,Human Resources,7789
68,Chiquita,Amiable,camiable1v@narod.ru,Female,Legal,5735
69,Fred,Ringe,fringe1w@sfgate.com,Female,Research and Development,3423
70,Benyamin,Losemann,blosemann1x@woothemes.com,Male,Sales,5771
71,Dicky,Fearneley,dfearneley1y@blogger.com,Male,Services,5342
72,Rosabella,Sleith,rsleith1z@usa.gov,Female,Legal,4458
73,Margarita,Goater,mgoater20@seesaa.net,Female,Sales,3651
74,Analise,Driscoll,adriscoll21@plala.or.jp,Female,Engineering,3596
75,Darrel,Doogan,ddoogan22@mapquest.com,Male,Training,4820
76,Harlen,Sackler,hsackler23@upenn.edu,Male,Product Management,3654
77,Goldi,Speak,gspeak24@google.co.jp,Female,Business Development,7664
78,Davide,Fagan,dfagan25@delicious.com,Male,Legal,7874
79,Tabbatha,Willment,twillment26@live.com,Female,Support,6412
80,Ewart,MacBrearty,emacbrearty27@marketwatch.com,Male,Product Management,6006
81,Candide,Dallemore,cdallemore28@cbc.ca,Female,Human Resources,6901
82,Luci,Pannaman,lpannaman29@pbs.org,Female,Legal,6637
83,Carolina,Westhead,cwesthead2a@g.co,Female,Research and Development,5718
84,Barbi,Eldritt,beldritt2b@xrea.com,Female,Marketing,5828
85,Adrian,Benfield,abenfield2c@dropbox.com,Male,Training,3796
86,Kasey,Petasch,kpetasch2d@mediafire.com,Female,Business Development,6460
87,Coletta,Reis,creis2e@ustream.tv,Female,Training,7525
88,Jodie,Bascomb,jbascomb2f@amazonaws.com,Male,Accounting,7068
89,Ulberto,Dillinton,udillinton2g@ezinearticles.com,Male,Services,5115
90,Lynelle,Lammenga,llammenga2h@europa.eu,Female,Human Resources,5027
91,Serge,Rotherforth,srotherforth2i@virginia.edu,Male,Business Development,7138
92,Beryle,Colomb,bcolomb2j@vimeo.com,Female,Accounting,3989
93,Pren,Agutter,pagutter2k@google.co.uk,Male,Legal,7915
94,Fawn,Drei,fdrei2l@wordpress.com,Female,Accounting,6431
95,Avery,Bernet,abernet2m@techcrunch.com,Male,Engineering,7374
96,Jerrold,Lillford,jlillford2n@dot.gov,Male,Legal,4055
97,Tamara,Skaife,tskaife2o@amazon.co.jp,Female,Training,7476
98,Sapphira,Markey,smarkey2p@newsvine.com,Female,Accounting,6348
99,Gussy,Boyack,gboyack2q@cbsnews.com,Female,Support,4215
100,Carlotta,Braferton,cbraferton2r@kickstarter.com,Female,Business Development,6575
101,Babb,Varsey,bvarsey2s@etsy.com,Female,Research and Development,6862
102,Corabella,Pigden,cpigden2t@unc.edu,Female,Marketing,4674
103,Joane,Regglar,jregglar2u@timesonline.co.uk,Female,Accounting,3640
104,Tally,Davio,tdavio2v@usa.gov,Male,Engineering,6216
105,Dalila,Weild,dweild2w@usnews.com,Female,Accounting,4264
106,Elroy,Hain,ehain2x@nps.gov,Male,Business Development,3347
107,Christian,Pennicott,cpennicott2y@youtu.be,Male,Sales,7031
108,Allie,Mazin,amazin2z@mapquest.com,Male,Product Management,3740
109,Jorry,Varty,jvarty30@purevolume.com,Female,Services,4630
110,Elsa,Goranov,egoranov31@vkontakte.ru,Female,Sales,3759
111,Colene,Sneddon,csneddon32@webmd.com,Female,Services,4195
112,Allissa,Kittman,akittman33@miibeian.gov.cn,Female,Support,5074
113,Mireielle,Siveter,msiveter34@umn.edu,Female,Product Management,3211
114,Maurise,Bizley,mbizley35@lulu.com,Female,Legal,3269
115,Ive,Dubois,idubois36@unc.edu,Male,Support,4244
116,Jourdan,Ledley,jledley37@google.com.au,Female,Product Management,4732
117,Hayward,Gounod,hgounod38@wikispaces.com,Male,Training,7058
118,Adair,O Mullen,aomullen39@cbsnews.com,Male,Marketing,7902
119,Allard,Litterick,alitterick3a@taobao.com,Male,Engineering,6303
120,Vivien,Derington,vderington3b@infoseek.co.jp,Female,Accounting,7955
121,Bald,Blondel,bblondel3c@nasa.gov,Male,Engineering,7598
122,Noella,Rishman,nrishman3d@weather.com,Female,Product Management,7012
123,Euell,Luciano,eluciano3e@chron.com,Male,Marketing,7591
124,Atlanta,Boorne,aboorne3f@earthlink.net,Female,Human Resources,3526
125,Malena,Kinnoch,mkinnoch3g@ehow.com,Female,Accounting,6969
126,Isobel,Evemy,ievemy3h@so-net.ne.jp,Female,Support,4718
127,Jared,Gillford,jgillford3i@list-manage.com,Male,Sales,4796
128,Zacharia,Niess,zniess3j@blinklist.com,Male,Research and Development,5959
129,Webster,Errigo,werrigo3k@gov.uk,Male,Research and Development,6160
130,Celestine,Gaspard,cgaspard3l@friendfeed.com,Female,Research and Development,5165
131,Clair,Antoniou,cantoniou3m@shop-pro.jp,Male,Training,5007
132,Aime,Simmance,asimmance3n@aol.com,Female,Engineering,3788
133,Osbourne,Christopher,ochristopher3o@craigslist.org,Male,Marketing,4360
134,Christiane,Monshall,cmonshall3p@google.com.br,Female,Sales,7206
135,Gussie,Letixier,gletixier3q@nih.gov,Female,Business Development,6277
136,Gussy,Mancell,gmancell3r@stumbleupon.com,Female,Business Development,7863
137,Aviva,Birdsey,abirdsey3s@sphinn.com,Female,Legal,3859
138,Hope,Morriss,hmorriss3t@bbb.org,Female,Business Development,5180
139,Yancy,Tompkiss,ytompkiss3u@virginia.edu,Male,Research and Development,5146
140,Agnesse,Showers,ashowers3v@odnoklassniki.ru,Female,Legal,6396
141,Joshuah,Clipston,jclipston3w@cisco.com,Male,Research and Development,6197
142,Francisca,Ashmole,fashmole3x@cafepress.com,Female,Sales,7756
143,Frannie,Francombe,ffrancombe3y@blinklist.com,Female,Training,3857
144,Hansiain,Armitage,harmitage3z@angelfire.com,Male,Engineering,3877
145,Terra,Camerello,tcamerello40@wikispaces.com,Female,Engineering,3534
146,Elnar,Rubenov,erubenov41@slate.com,Male,Business Development,7173
147,Noelyn,Wallenger,nwallenger42@godaddy.com,Female,Marketing,6360
148,Dorian,Pennington,dpennington43@icq.com,Male,Training,5358
149,Erick,Jeakins,ejeakins44@unc.edu,Male,Engineering,7714
150,Merrill,Emmitt,memmitt45@mozilla.com,Female,Marketing,4443
151,Mayne,Sharram,msharram46@cloudflare.com,Male,Engineering,7701
152,Ingamar,Griffitt,igriffitt47@parallels.com,Male,Services,6948
153,Revkah,Giovannacci,rgiovannacci48@eepurl.com,Female,Accounting,3582
154,Jehanna,Ortelt,jortelt49@plala.or.jp,Female,Marketing,5079
155,Barr,Kruschev,bkruschev4a@mozilla.org,Male,Marketing,6100
156,Vicki,Saunier,vsaunier4b@ameblo.jp,Female,Engineering,4434
157,Niel,Baptista,nbaptista4c@themeforest.net,Male,Legal,7933
158,Don,Trewinnard,dtrewinnard4d@moonfruit.com,Male,Support,7995
159,Padget,Pinkney,ppinkney4e@cam.ac.uk,Male,Business Development,7374
160,Pansy,Hearfield,phearfield4f@bluehost.com,Female,Human Resources,6335
161,Kile,Busain,kbusain4g@artisteer.com,Male,Engineering,3892
162,Lorilee,Wishkar,lwishkar4h@moonfruit.com,Female,Engineering,7269
163,Willy,Logan,wlogan4i@usatoday.com,Male,Sales,4178
164,Murdock,Janos,mjanos4j@nih.gov,Male,Human Resources,5146
165,George,Wisher,gwisher4k@ehow.com,Male,Sales,4012
166,Tait,Keelinge,tkeelinge4l@sakura.ne.jp,Male,Marketing,4952
167,Neely,Pyke,npyke4m@people.com.cn,Female,Marketing,4688
168,Bart,Bertenshaw,bbertenshaw4n@upenn.edu,Male,Support,3250
169,Rhodia,McShane,rmcshane4o@wired.com,Female,Research and Development,3874
170,Genny,Dono,gdono4p@archive.org,Female,Sales,7759
171,Adria,Meenan,ameenan4q@altervista.org,Female,Business Development,5273
172,Valenka,Dowsey,vdowsey4r@home.pl,Female,Marketing,7167
173,Reinaldo,Pawle,rpawle4s@harvard.edu,Male,Marketing,3856
174,Gabriello,Edgeworth,gedgeworth4t@independent.co.uk,Male,Product Management,7904
175,Charity,McGloughlin,cmcgloughlin4u@privacy.gov.au,Female,Research and Development,6234
176,Tessa,Bannell,tbannell4v@unblog.fr,Female,Human Resources,3938
177,Obediah,Crecy,ocrecy4w@fema.gov,Male,Engineering,4932
178,Phedra,Tembridge,ptembridge4x@samsung.com,Female,Marketing,4768
179,Aaren,Thrower,athrower4y@blogtalkradio.com,Female,Research and Development,6932
180,Artur,Turton,aturton4z@cbc.ca,Male,Legal,4641
181,Elfreda,Ferryman,eferryman50@slate.com,Female,Business Development,7611
182,Donavon,Duly,dduly51@artisteer.com,Male,Human Resources,6897
183,Allister,Whisby,awhisby52@microsoft.com,Male,Services,6851
184,Joni,Graffham,jgraffham53@opera.com,Female,Accounting,4006
185,Dore,Gaitskill,dgaitskill54@boston.com,Male,Legal,3425
186,Peta,Lichtfoth,plichtfoth55@scribd.com,Female,Research and Development,6577
187,Ofella,Rudolph,orudolph56@amazon.co.jp,Female,Human Resources,4359
188,Jdavie,Skip,jskip57@umich.edu,Male,Support,6920
189,Raul,Loverock,rloverock58@networkadvertising.org,Male,Training,7577
190,Jacki,Neathway,jneathway59@flavors.me,Female,Training,4541
191,Amalea,Dovey,adovey5a@cyberchimps.com,Female,Training,7610
192,Hilliary,Aldrin,haldrin5b@virginia.edu,Female,Legal,3630
193,Barry,Doyley,bdoyley5c@census.gov,Male,Engineering,5515
194,Findlay,Hewkin,fhewkin5d@google.com.au,Male,Accounting,3339
195,Robbyn,Archbutt,rarchbutt5e@foxnews.com,Female,Human Resources,5934
196,Nikolos,Capp,ncapp5f@jugem.jp,Male,Support,6131
197,Link,Walstow,lwalstow5g@yellowbook.com,Male,Research and Development,7465
198,Ogdon,Greenstock,ogreenstock5h@reference.com,Male,Support,3560
199,Dixie,Merrilees,dmerrilees5i@tuttocitta.it,Female,Services,7154
200,Booth,Adney,badney5j@independent.co.uk,Male,Sales,4595
201,Mandel,Bottom,mbottom5k@netvibes.com,Male,Sales,4448
202,Zaccaria,Niblock,zniblock5l@altervista.org,Male,Accounting,4812
203,Bell,Yashaev,byashaev5m@vimeo.com,Female,Training,3898
204,Hermine,Myall,hmyall5n@google.cn,Female,Legal,5981
205,Barbara,Shillingford,bshillingford5o@is.gd,Female,Legal,5113
206,Jarid,Boeck,jboeck5p@miitbeian.gov.cn,Male,Marketing,3737
207,Roselia,Andrivot,randrivot5q@dell.com,Female,Marketing,5961
208,Theodora,Dudny,tdudny5r@printfriendly.com,Female,Accounting,7155
209,Rudolf,Timeby,rtimeby5s@amazon.co.jp,Male,Support,3658
210,Jeffy,Jasiak,jjasiak5t@nature.com,Male,Marketing,7657
211,Caressa,Houchen,chouchen5u@yelp.com,Female,Accounting,6590
212,Zsa zsa,Costelow,zcostelow5v@google.com.hk,Female,Marketing,5771
213,Veronica,Goodlet,vgoodlet5w@mapy.cz,Female,Training,3962
214,Alden,Kerss,akerss5x@who.int,Male,Training,7377
215,Nikolaus,Shord,nshord5y@hatena.ne.jp,Male,Training,3645
216,Lanie,Wein,lwein5z@dailymail.co.uk,Female,Training,5713
217,Lyon,Quarry,lquarry60@cornell.edu,Male,Human Resources,3390
218,Sebastian,Hankin,shankin61@dmoz.org,Male,Research and Development,7842
219,Harper,Kemell,hkemell62@nps.gov,Male,Training,7500
220,Miran,Escott,mescott63@delicious.com,Female,Business Development,7688
221,Homer,Stodd,hstodd64@guardian.co.uk,Male,Human Resources,7767
222,Zaria,Noods,znoods65@blogs.com,Female,Research and Development,5659
223,Shayne,Coventry,scoventry66@sohu.com,Female,Sales,7198
224,Pansie,Livingstone,plivingstone67@yelp.com,Female,Human Resources,5580
225,Barret,D' Angelo,bdangelo68@ted.com,Male,Legal,4783
226,Katy,Claringbold,kclaringbold69@narod.ru,Female,Services,5796
227,Maryjane,Allonby,mallonby6a@miibeian.gov.cn,Female,Business Development,7498
228,Ann-marie,Glowacha,aglowacha6b@unblog.fr,Female,Services,3669
229,Marguerite,Flitcroft,mflitcroft6c@ihg.com,Female,Engineering,4853
230,Rodrique,Saleway,rsaleway6d@themeforest.net,Male,Research and Development,5669
231,Ernesta,Tripett,etripett6e@smugmug.com,Female,Accounting,4000
232,Chad,Mcmanaman,cmcmanaman6f@sciencedaily.com,Male,Business Development,4625
233,Bartolemo,Phettiplace,bphettiplace6g@ed.gov,Male,Services,3430
234,Sheppard,Nerheny,snerheny6h@comsenz.com,Male,Marketing,7409
235,Talyah,Whimper,twhimper6i@usnews.com,Female,Business Development,6000
236,Livvy,Gatley,lgatley6j@oracle.com,Female,Business Development,6545
237,Ike,Yerbury,iyerbury6k@vk.com,Male,Training,7044
238,Georgeta,Rainsden,grainsden6l@constantcontact.com,Female,Marketing,3460
239,Sybil,Jossum,sjossum6m@eepurl.com,Female,Support,6608
240,Dunc,Blaes,dblaes6n@ehow.com,Male,Business Development,5836
241,Arly,Groll,agroll6o@hugedomains.com,Female,Marketing,4870
242,Johnath,Fawssett,jfawssett6p@mlb.com,Female,Research and Development,7259
243,Hailee,Dubarry,hdubarry6q@ustream.tv,Female,Human Resources,6184
244,Helen,Croce,hcroce6r@thetimes.co.uk,Female,Research and Development,4702
245,Stavro,Mitskevich,smitskevich6s@domainmarket.com,Male,Support,4468
246,Theresa,Cullington,tcullington6t@ehow.com,Female,Human Resources,6248
247,Gerrie,Nisen,gnisen6u@nasa.gov,Female,Product Management,6404
248,Christos,Chape,cchape6v@youtu.be,Male,Services,6401
249,Sula,Kassidy,skassidy6w@opera.com,Female,Legal,5052
250,Robby,Tupling,rtupling6x@phpbb.com,Male,Support,7190
251,Ilsa,Duinbleton,iduinbleton6y@harvard.edu,Female,Engineering,6456
252,Stefa,Campsall,scampsall6z@elpais.com,Female,Accounting,3764
253,Stormie,Kedie,skedie70@soup.io,Female,Accounting,7534
254,Daisy,Jilkes,djilkes71@edublogs.org,Female,Accounting,6356
255,Cookie,Gardner,cgardner72@cargocollective.com,Female,Research and Development,7578
256,Ad,Temperton,atemperton73@smh.com.au,Male,Business Development,4930
257,Howard,Runnett,hrunnett74@wisc.edu,Male,Training,3276
258,Zackariah,Anslow,zanslow75@mayoclinic.com,Male,Services,5932
259,Karoline,Crangle,kcrangle76@nydailynews.com,Female,Accounting,4030
260,Erny,Brislane,ebrislane77@cam.ac.uk,Male,Marketing,3985
261,Frank,Gunthorpe,fgunthorpe78@usa.gov,Male,Services,4552
262,Michaeline,Mockford,mmockford79@webmd.com,Female,Engineering,7832
263,Cal,Skeleton,cskeleton7a@wordpress.com,Female,Training,7691
264,Nobie,Mebes,nmebes7b@gravatar.com,Male,Legal,7687
265,Keelby,Dahlback,kdahlback7c@taobao.com,Male,Accounting,7906
266,Filbert,Umpleby,fumpleby7d@state.gov,Male,Sales,5073
267,Tybi,Bretherton,tbretherton7e@hubpages.com,Female,Marketing,7054
268,Jenni,Cassey,jcassey7f@opensource.org,Female,Marketing,5960
269,Annemarie,De Beauchemp,adebeauchemp7g@trellian.com,Female,Accounting,7683
270,Fionna,Curreen,fcurreen7h@skyrock.com,Female,Engineering,5428
271,Lenka,Simcox,lsimcox7i@businesswire.com,Female,Business Development,7294
272,Seymour,MacDermot,smacdermot7j@arstechnica.com,Male,Engineering,6054
273,Conchita,McGettrick,cmcgettrick7k@tamu.edu,Female,Training,5188
274,Fae,Mughal,fmughal7l@mlb.com,Female,Engineering,4775
275,Karola,Tapsfield,ktapsfield7m@harvard.edu,Female,Services,5201
276,Burt,Goodey,bgoodey7n@wikimedia.org,Male,Training,5701
277,Miles,Reeveley,mreeveley7o@google.co.jp,Male,Legal,7213
278,Melody,Thamelt,mthamelt7p@cmu.edu,Female,Human Resources,7645
279,Cross,McKerron,cmckerron7q@parallels.com,Male,Training,7852
280,Aylmer,Kennett,akennett7r@nyu.edu,Male,Research and Development,3848
281,Shaun,Duffit,sduffit7s@go.com,Male,Marketing,4576
282,Ferdinand,Cohan,fcohan7t@uiuc.edu,Male,Engineering,6322
283,Marcello,Horsburgh,mhorsburgh7u@studiopress.com,Male,Business Development,3918
284,Ginger,Slucock,gslucock7v@mapy.cz,Male,Accounting,4567
285,Danny,Meacher,dmeacher7w@marketwatch.com,Female,Legal,5657
286,Ermengarde,Blampey,eblampey7x@dot.gov,Female,Product Management,4268
287,Morgan,Orrey,morrey7y@ow.ly,Male,Business Development,4289
288,Angelita,Jaggar,ajaggar7z@github.com,Female,Business Development,6099
289,Fowler,Miquelet,fmiquelet80@twitter.com,Male,Human Resources,7467
290,Ezequiel,Tansly,etansly81@ed.gov,Male,Services,7577
291,Joana,Ganderton,jganderton82@uol.com.br,Female,Business Development,6494
292,Esra,Warburton,ewarburton83@dailymotion.com,Male,Services,4516
293,Marrilee,Samson,msamson84@1und1.de,Female,Engineering,5254
294,Dulciana,Losemann,dlosemann85@unesco.org,Female,Legal,3674
295,Dotty,Spada,dspada86@cbc.ca,Female,Marketing,4819
296,Franz,Revel,frevel87@chronoengine.com,Male,Human Resources,7402
297,Clarette,Taleworth,ctaleworth88@sogou.com,Female,Training,4240
298,Ruy,Ketteringham,rketteringham89@rediff.com,Male,Accounting,6032
299,Yasmeen,McTrustrie,ymctrustrie8a@fc2.com,Female,Accounting,4790
300,Bethany,Ebunoluwa,bebunoluwa8b@mac.com,Female,Legal,7295
301,Chet,Glanert,cglanert8c@businesswire.com,Male,Engineering,7935
302,Flynn,Nipper,fnipper8d@sakura.ne.jp,Male,Product Management,3366
303,Corny,Earlam,cearlam8e@cbc.ca,Male,Engineering,5660
304,Humfrid,Gilfether,hgilfether8f@de.vu,Male,Support,6831
305,Kasey,Coultous,kcoultous8g@soup.io,Female,Legal,5157
306,Zilvia,Archbold,zarchbold8h@ucoz.ru,Female,Accounting,6470
307,Kerby,Lernihan,klernihan8i@csmonitor.com,Male,Services,3612
308,Berny,Critoph,bcritoph8j@pinterest.com,Female,Business Development,6149
309,Kikelia,MacKenney,kmackenney8k@netscape.com,Female,Marketing,4901
310,Janot,Briat,jbriat8l@ucoz.ru,Female,Human Resources,6786
311,Kurt,Faulks,kfaulks8m@amazon.com,Male,Engineering,7332
312,Mirilla,Mallion,mmallion8n@acquirethisname.com,Female,Support,6171
313,Pauly,Thurston,pthurston8o@tripadvisor.com,Male,Training,4175
314,Bernardo,Kalkofer,bkalkofer8p@creativecommons.org,Male,Sales,5319
315,Thornie,Basill,tbasill8q@salon.com,Male,Accounting,4287
316,Rich,Moverley,rmoverley8r@abc.net.au,Male,Legal,4488
317,Kiley,Klemke,kklemke8s@rediff.com,Male,Accounting,7440
318,Lesley,Gebbe,lgebbe8t@imdb.com,Male,Research and Development,7687
319,Danni,Greenall,dgreenall8u@4shared.com,Female,Training,3714
320,Dionisio,Flescher,dflescher8v@deviantart.com,Male,Human Resources,7602
321,Cathrin,Serridge,cserridge8w@shop-pro.jp,Female,Research and Development,3514
322,Maire,Valintine,mvalintine8x@yellowpages.com,Female,Research and Development,5772
323,Reynolds,O'Shiel,roshiel8y@gov.uk,Male,Research and Development,3492
324,Reynard,Clow,rclow8z@pen.io,Male,Product Management,5060
325,Gusta,Cherm,gcherm90@diigo.com,Female,Human Resources,5827
326,Jacklin,Bolzen,jbolzen91@tmall.com,Female,Support,7053
327,Alexandre,Gravenor,agravenor92@squarespace.com,Male,Training,7576
328,Fabe,Landy,flandy93@alexa.com,Male,Business Development,3299
329,Waite,Leonarde,wleonarde94@aboutads.info,Male,Legal,4978
330,Krissie,Triggol,ktriggol95@rambler.ru,Female,Marketing,4001
331,Ashley,Cradduck,acradduck96@cnbc.com,Male,Training,3912
332,Hilary,Weatherell,hweatherell97@huffingtonpost.com,Male,Training,4038
333,Godiva,Hulstrom,ghulstrom98@dagondesign.com,Female,Accounting,4234
334,Cacilie,Jedrzejewicz,cjedrzejewicz99@google.fr,Female,Research and Development,4320
335,Rasla,Grigorian,rgrigorian9a@slashdot.org,Female,Accounting,5866
336,Hilda,Manser,hmanser9b@fc2.com,Female,Research and Development,6057
337,Gran,Collough,gcollough9c@stumbleupon.com,Male,Human Resources,7536
338,Rollo,Tomczykowski,rtomczykowski9d@google.pl,Male,Sales,5271
339,Wally,Breckon,wbreckon9e@xrea.com,Male,Research and Development,6076
340,Trina,Scothorne,tscothorne9f@51.la,Female,Business Development,5782
341,Ann-marie,Landreth,alandreth9g@tripadvisor.com,Female,Accounting,5991
342,Kylie,Dessant,kdessant9h@mozilla.com,Male,Sales,3405
343,Newton,Garden,ngarden9i@addtoany.com,Male,Support,5118
344,Leia,Conrath,lconrath9j@nasa.gov,Female,Engineering,4871
345,Ludwig,Ellicock,lellicock9k@chicagotribune.com,Male,Marketing,3904
346,Laraine,Rumford,lrumford9l@123-reg.co.uk,Female,Research and Development,3884
347,Theo,Tivolier,ttivolier9m@yolasite.com,Male,Research and Development,5796
348,Romola,Ropcke,rropcke9n@admin.ch,Female,Human Resources,7983
349,Ellette,Benstead,ebenstead9o@youtu.be,Female,Legal,5617
350,Maia,Folker,mfolker9p@answers.com,Female,Training,3712
351,Raquela,Soan,rsoan9q@apple.com,Female,Services,5068
352,Gerty,Simanenko,gsimanenko9r@unicef.org,Female,Legal,4364
353,Nadiya,Conibere,nconibere9s@free.fr,Female,Product Management,3700
354,Mylo,Stote,mstote9t@google.com,Male,Support,4287
355,Nestor,Davids,ndavids9u@goo.gl,Male,Human Resources,7646
356,Laurena,Fine,lfine9v@auda.org.au,Female,Accounting,7304
357,Katey,Moneypenny,kmoneypenny9w@odnoklassniki.ru,Female,Accounting,7853
358,Rozelle,Job,rjob9x@exblog.jp,Female,Engineering,7104
359,Steffen,Gallemore,sgallemore9y@smh.com.au,Male,Human Resources,3749
360,Scarface,Sturgess,ssturgess9z@myspace.com,Male,Legal,7447
361,Klarrisa,De Ruel,kderuela0@prweb.com,Female,Human Resources,7418
362,Rossy,Sillett,rsilletta1@cyberchimps.com,Male,Business Development,4539
363,Othella,McCready,omccreadya2@ucoz.com,Female,Services,5917
364,Martita,Vaines,mvainesa3@blogspot.com,Female,Support,3925
365,Claybourne,Gant,cganta4@amazon.de,Male,Training,6937
366,Silas,Rame,sramea5@linkedin.com,Male,Marketing,6083
367,Poul,Hollyland,phollylanda6@google.cn,Male,Training,6319
368,Aindrea,Mapholm,amapholma7@house.gov,Female,Marketing,5702
369,Tremaine,Gibbens,tgibbensa8@upenn.edu,Male,Research and Development,3856
370,Harris,Kingett,hkingetta9@accuweather.com,Male,Services,4583
371,Ichabod,Balasin,ibalasinaa@privacy.gov.au,Male,Sales,4053
372,Bevon,Blasetti,bblasettiab@themeforest.net,Male,Marketing,4012
373,Brewster,Jablonski,bjablonskiac@facebook.com,Male,Product Management,3685
374,Elbert,Boner,ebonerad@lulu.com,Male,Research and Development,4093
375,Eugine,Devonshire,edevonshireae@gmpg.org,Female,Marketing,6085
376,Evy,McPhaden,emcphadenaf@google.pl,Female,Marketing,7768
377,Amil,Kenewell,akenewellag@chron.com,Female,Training,5138
378,Jarvis,Stawell,jstawellah@oakley.com,Male,Services,5433
379,Didi,Lennox,dlennoxai@thetimes.co.uk,Female,Product Management,5130
380,Issy,Beades,ibeadesaj@usda.gov,Female,Engineering,4182
381,Roderigo,Blakes,rblakesak@ed.gov,Male,Training,6909
382,Dorene,Driffill,ddriffillal@google.co.uk,Female,Human Resources,4857
383,Lola,Sambedge,lsambedgeam@skyrock.com,Female,Product Management,4994
384,Edgard,Fydoe,efydoean@tiny.cc,Male,Business Development,7578
385,Terence,Criple,tcripleao@toplist.cz,Male,Accounting,6891
386,Yoshi,Kubiczek,ykubiczekap@msn.com,Female,Engineering,3511
387,Pat,Sapson,psapsonaq@nyu.edu,Male,Product Management,3427
388,Etienne,Levey,eleveyar@godaddy.com,Male,Marketing,3539
389,Teddie,Mogg,tmoggas@wisc.edu,Male,Engineering,7221
390,Daven,Tebb,dtebbat@cnn.com,Male,Marketing,3398
391,Fancy,Pendergrast,fpendergrastau@twitter.com,Female,Research and Development,5549
392,Clywd,Braine,cbraineav@smh.com.au,Male,Services,7589
393,Annadiana,Pimm,apimmaw@cnet.com,Female,Engineering,4554
394,Horatio,Knyvett,hknyvettax@drupal.org,Male,Legal,3669
395,Filippa,Hearns,fhearnsay@unicef.org,Female,Sales,3479
396,Martie,Stickles,msticklesaz@sina.com.cn,Male,Services,4791
397,Tyrus,Grand,tgrandb0@zimbio.com,Male,Services,4114
398,Kari,Rampage,krampageb1@unc.edu,Female,Human Resources,4089
399,Andre,Sijmons,asijmonsb2@miitbeian.gov.cn,Male,Training,4233
400,Kaitlynn,Pocknoll,kpocknollb3@twitpic.com,Female,Research and Development,7242
401,Eddie,Flatman,eflatmanb4@wikispaces.com,Male,Services,4542
402,Nathalie,Wark,nwarkb5@tmall.com,Female,Sales,4199
403,Onofredo,Rubinfajn,orubinfajnb6@un.org,Male,Business Development,7722
404,Laryssa,Stollenhof,lstollenhofb7@uol.com.br,Female,Sales,3371
405,Happy,Petera,hpeterab8@shutterfly.com,Female,Accounting,5645
406,Micah,Lowndsbrough,mlowndsbroughb9@discuz.net,Male,Support,3859
407,Bruce,Joblin,bjoblinba@barnesandnoble.com,Male,Services,5789
408,Marwin,Heister,mheisterbb@flavors.me,Male,Product Management,3388
409,Mignonne,Sinkings,msinkingsbc@dedecms.com,Female,Support,4984
410,Aharon,Jako,ajakobd@newyorker.com,Male,Services,4968
411,Bartram,Fairrie,bfairriebe@shareasale.com,Male,Accounting,4994
412,Isaac,Robillart,irobillartbf@google.com.br,Male,Product Management,3314
413,Archibald,Rothman,arothmanbg@addtoany.com,Male,Legal,6127
414,Hulda,Jodlowski,hjodlowskibh@cbsnews.com,Female,Services,6128
415,Gilly,Rome,gromebi@umn.edu,Female,Product Management,3342
416,Essy,Scrancher,escrancherbj@issuu.com,Female,Business Development,6302
417,Allan,Blunt,abluntbk@com.com,Male,Business Development,3215
418,Haley,Winpenny,hwinpennybl@webeden.co.uk,Male,Training,4260
419,Marline,Vermer,mvermerbm@umich.edu,Female,Training,5280
420,Trevor,Prue,tpruebn@exblog.jp,Male,Services,4783
421,Corrina,Jouannisson,cjouannissonbo@noaa.gov,Female,Human Resources,6206
422,Dori,Blumer,dblumerbp@mail.ru,Female,Support,6274
423,Patrizius,Vaughn,pvaughnbq@gmpg.org,Male,Product Management,7314
424,Hyacinth,Joannet,hjoannetbr@youtube.com,Female,Accounting,5656
425,Lauretta,Coggon,lcoggonbs@state.tx.us,Female,Training,5683
426,Wendye,Huet,whuetbt@google.pl,Female,Accounting,6854
427,Kora,Murtimer,kmurtimerbu@google.com.hk,Female,Sales,4982
428,Em,Semkins,esemkinsbv@facebook.com,Male,Engineering,5656
429,Geralda,Quincey,gquinceybw@jiathis.com,Female,Engineering,6573
430,Dolf,Tordiffe,dtordiffebx@dell.com,Male,Business Development,7657
431,Babara,Rollason,brollasonby@amazon.de,Female,Business Development,4675
432,Chalmers,Sinney,csinneybz@deviantart.com,Male,Human Resources,7240
433,Wilden,Bestall,wbestallc0@auda.org.au,Male,Marketing,5061
434,Bertie,Casel,bcaselc1@seattletimes.com,Male,Sales,3840
435,Manfred,Keyho,mkeyhoc2@sitemeter.com,Male,Business Development,5867
436,Godard,Cresar,gcresarc3@europa.eu,Male,Legal,4665
437,Griz,Boughtflower,gboughtflowerc4@msu.edu,Male,Accounting,4583
438,Sigfrid,Presland,spreslandc5@comcast.net,Male,Training,5140
439,Bendicty,Robken,brobkenc6@stumbleupon.com,Male,Engineering,7982
440,Stirling,Brecken,sbreckenc7@meetup.com,Male,Sales,5040
441,Isacco,Pittet,ipittetc8@livejournal.com,Male,Product Management,6139
442,Allsun,Jeannet,ajeannetc9@buzzfeed.com,Female,Sales,6782
443,Haily,Inkin,hinkinca@earthlink.net,Female,Marketing,6157
444,Amara,Casillas,acasillascb@cargocollective.com,Female,Marketing,4033
445,Pamelina,Sorby,psorbycc@abc.net.au,Female,Sales,7846
446,Maurise,Graser,mgrasercd@berkeley.edu,Female,Services,3263
447,Yettie,Cruddace,ycruddacece@google.com.hk,Female,Research and Development,4366
448,Loydie,Goch,lgochcf@mtv.com,Male,Marketing,3821
449,Jerrome,Yellowley,jyellowleycg@lycos.com,Male,Human Resources,6908
450,Anders,Belasco,abelascoch@google.de,Male,Business Development,4013
451,Monica,Steer,msteerci@tinypic.com,Female,Product Management,4215
452,Berny,Follacaro,bfollacarocj@behance.net,Male,Services,6468
453,Sal,Toffoletto,stoffolettock@flavors.me,Female,Human Resources,3575
454,Biron,Ciobotaru,bciobotarucl@umich.edu,Male,Support,4753
455,Arabele,Lewry,alewrycm@wiley.com,Female,Legal,3912
456,Prescott,Van Weedenburg,pvanweedenburgcn@netlog.com,Male,Marketing,4575
457,Joye,Texton,jtextonco@reuters.com,Female,Marketing,7085
458,Toby,Larman,tlarmancp@salon.com,Male,Business Development,6130
459,Sayre,Tale,stalecq@a8.net,Male,Legal,6413
460,Sky,Polye,spolyecr@phoca.cz,Male,Marketing,3631
461,Marcellus,Gyurkovics,mgyurkovicscs@nyu.edu,Male,Business Development,5492
462,Karoline,Cochern,kcochernct@ft.com,Female,Engineering,6605
463,Sarah,Lantiff,slantiffcu@unicef.org,Female,Services,7062
464,Dacy,Antognetti,dantognetticv@cbsnews.com,Female,Sales,6510
465,Dina,Lewsy,dlewsycw@dailymotion.com,Female,Engineering,7323
466,Hewett,Pibworth,hpibworthcx@soup.io,Male,Business Development,7107
467,Drake,Geistmann,dgeistmanncy@psu.edu,Male,Legal,4331
468,Donella,Devonshire,ddevonshirecz@cnet.com,Female,Training,5848
469,Verney,Beckett,vbeckettd0@bloomberg.com,Male,Human Resources,5220
470,Andreas,Varns,avarnsd1@harvard.edu,Male,Engineering,7735
471,Hayden,Pennone,hpennoned2@cnbc.com,Male,Marketing,6855
472,Korie,Greville,kgrevilled3@mapy.cz,Female,Human Resources,4428
473,Abbey,Bussy,abussyd4@meetup.com,Male,Training,4366
474,Morgana,Houtbie,mhoutbied5@ted.com,Female,Human Resources,3251
475,Chiquita,Redparth,credparthd6@creativecommons.org,Female,Engineering,3948
476,Manny,Mish,mmishd7@ft.com,Male,Accounting,5879
477,Allin,Laverack,alaverackd8@chicagotribune.com,Male,Legal,3991
478,Bertrando,Begg,bbeggd9@cisco.com,Male,Services,4498
479,Dukie,Andreasson,dandreassonda@omniture.com,Male,Human Resources,6363
480,Hy,Laughtisse,hlaughtissedb@npr.org,Male,Product Management,6510
481,Charis,Staneland,cstanelanddc@nps.gov,Female,Product Management,4899
482,Hakim,Alexsandrev,halexsandrevdd@topsy.com,Male,Engineering,7504
483,Danita,Heikkinen,dheikkinende@com.com,Female,Engineering,3990
484,Rozele,Esmond,resmonddf@jalbum.net,Female,Training,7755
485,Jo,Escala,jescaladg@cam.ac.uk,Female,Accounting,5872
486,Cleve,Peniello,cpeniellodh@elpais.com,Male,Services,4233
487,Corey,Warr,cwarrdi@prlog.org,Female,Business Development,7888
488,Leslie,Andriessen,landriessendj@chronoengine.com,Female,Business Development,7562
489,Margret,Wickwarth,mwickwarthdk@go.com,Female,Services,5849
490,Ameline,Mingard,amingarddl@elpais.com,Female,Business Development,7198
491,Robina,Farlham,rfarlhamdm@ow.ly,Female,Engineering,7057
492,Domenic,Ledram,dledramdn@prweb.com,Male,Sales,6231
493,Diana,Romanin,dromanindo@vimeo.com,Female,Business Development,6914
494,Montgomery,Fink,mfinkdp@free.fr,Male,Accounting,6043
495,Micheal,Antoni,mantonidq@netlog.com,Male,Research and Development,7361
496,Melvyn,Barde,mbardedr@timesonline.co.uk,Male,Legal,7094
497,Talya,Schukert,tschukertds@sciencedaily.com,Female,Legal,4598
498,Bernhard,Fishbie,bfishbiedt@arizona.edu,Male,Training,6748
499,Whitney,Childrens,wchildrensdu@dell.com,Male,Human Resources,5028
500,Andriana,Waker,awakerdv@fotki.com,Female,Business Development,7696
501,Roda,Faircley,rfaircleydw@webnode.com,Female,Research and Development,4722
502,Etan,Eglese,eeglesedx@adobe.com,Male,Support,6039
503,Adore,Wark,awarkdy@miibeian.gov.cn,Female,Human Resources,3230
504,Tudor,Trever,ttreverdz@java.com,Male,Product Management,6334
505,Jacquetta,Dimic,jdimice0@booking.com,Female,Sales,3459
506,Reagan,Brands,rbrandse1@google.pl,Male,Accounting,5635
507,Pattie,Stump,pstumpe2@mysql.com,Female,Human Resources,4066
508,Berne,Howsin,bhowsine3@tinyurl.com,Male,Accounting,4894
509,Drucy,Punshon,dpunshone4@hc360.com,Female,Support,3443
510,Jeanette,Mattessen,jmattessene5@over-blog.com,Female,Research and Development,5113
511,Heinrik,Margetson,hmargetsone6@barnesandnoble.com,Male,Product Management,5804
512,Lindsey,MacDavitt,lmacdavitte7@hao123.com,Male,Research and Development,3501
513,Clywd,Back,cbacke8@blogspot.com,Male,Research and Development,5055
514,Aluino,Bradford,abradforde9@desdev.cn,Male,Training,5413
515,Natale,Gravey,ngraveyea@globo.com,Male,Business Development,5175
516,Anneliese,Wethers,awetherseb@netlog.com,Female,Training,3330
517,Elysia,Stutely,estutelyec@oaic.gov.au,Female,Product Management,5385
518,Sheela,Newlands,snewlandsed@slate.com,Female,Legal,7979
519,Byran,Leavry,bleavryee@vinaora.com,Male,Product Management,5369
520,Casar,Langdridge,clangdridgeef@youku.com,Male,Research and Development,4733
521,Lizbeth,Catling,lcatlingeg@hostgator.com,Female,Sales,7512
522,Brooks,Saffen,bsaffeneh@cdc.gov,Male,Legal,3949
523,Gwyn,Everton,gevertonei@bloomberg.com,Female,Services,5547
524,Caleb,Augur,caugurej@purevolume.com,Male,Support,7227
525,Shurlock,Knagges,sknaggesek@census.gov,Male,Services,7468
526,Diahann,Oxlade,doxladeel@independent.co.uk,Female,Sales,7678
527,Caspar,Liptrot,cliptrotem@cdc.gov,Male,Engineering,7371
528,Paul,Eyers,peyersen@webmd.com,Male,Human Resources,3531
529,Moria,Beardsley,mbeardsleyeo@linkedin.com,Female,Human Resources,7960
530,Frazer,Appleyard,fappleyardep@vkontakte.ru,Male,Support,6632
531,Reagan,Hlavecek,rhlavecekeq@newyorker.com,Male,Research and Development,4753
532,Ashley,Seivertsen,aseivertsener@whitehouse.gov,Male,Product Management,5703
533,Ringo,Schenfisch,rschenfisches@discuz.net,Male,Product Management,4101
534,Jason,Barclay,jbarclayet@cafepress.com,Male,Human Resources,6033
535,Ward,Larcier,wlarciereu@nsw.gov.au,Male,Training,5813
536,Evelyn,Heitz,eheitzev@stumbleupon.com,Male,Accounting,6352
537,Wells,Hutley,whutleyew@springer.com,Male,Product Management,6400
538,Lucius,Ravens,lravensex@yelp.com,Male,Services,5375
539,Shanan,Purser,spurserey@msn.com,Male,Services,6920
540,Clerissa,Tomkiss,ctomkissez@so-net.ne.jp,Female,Legal,7272
541,Guglielma,Duran,gduranf0@so-net.ne.jp,Female,Product Management,7962
542,Michele,O'Curneen,mocurneenf1@oracle.com,Male,Training,7587
543,Floria,Lally,flallyf2@sakura.ne.jp,Female,Legal,7162
544,Sergent,Whitnell,swhitnellf3@bandcamp.com,Male,Services,5261
545,Buckie,Crick,bcrickf4@weebly.com,Male,Business Development,5205
546,Dorette,Balderstone,dbalderstonef5@netscape.com,Female,Sales,7061
547,Sam,Godsmark,sgodsmarkf6@sbwire.com,Female,Product Management,5506
548,Kincaid,Raoux,kraouxf7@toplist.cz,Male,Business Development,6559
549,Briant,Millership,bmillershipf8@princeton.edu,Male,Research and Development,4985
550,Sarine,Thoumas,sthoumasf9@intel.com,Female,Research and Development,7839
551,Rickie,Tivolier,rtivolierfa@imageshack.us,Male,Accounting,5796
552,Augustine,Wilkison,awilkisonfb@time.com,Female,Support,7079
553,Flora,Firman,ffirmanfc@plala.or.jp,Female,Research and Development,6254
554,Faber,Chaimson,fchaimsonfd@spotify.com,Male,Research and Development,6490
555,Alleyn,Jukes,ajukesfe@t-online.de,Male,Marketing,3257
556,Phillie,Caghy,pcaghyff@spiegel.de,Female,Training,3576
557,Brendin,Junifer,bjuniferfg@rambler.ru,Male,Legal,7099
558,Kori,Le Noury,klenouryfh@disqus.com,Female,Legal,5034
559,Micheline,Ullock,mullockfi@google.nl,Female,Product Management,4051
560,Blinny,Finci,bfincifj@msn.com,Female,Training,4471
561,Ramonda,Goundsy,rgoundsyfk@myspace.com,Female,Sales,4017
562,Baily,Gettings,bgettingsfl@slashdot.org,Male,Engineering,7715
563,Cass,Drinnan,cdrinnanfm@arstechnica.com,Male,Human Resources,4443
564,Curcio,Vassbender,cvassbenderfn@ucoz.ru,Male,Product Management,6934
565,Tybie,Lenoir,tlenoirfo@tuttocitta.it,Female,Accounting,5344
566,Gretna,Yakov,gyakovfp@diigo.com,Female,Engineering,7415
567,Joanne,Feak,jfeakfq@ted.com,Female,Legal,7963
568,Di,Ianizzi,dianizzifr@reddit.com,Female,Engineering,4968
569,Sarette,Antognetti,santognettifs@dailymail.co.uk,Female,Business Development,6451
570,Zahara,Addams,zaddamsft@yellowpages.com,Female,Support,3922
571,Justus,Cleveley,jcleveleyfu@networksolutions.com,Male,Engineering,4856
572,Eula,Batterton,ebattertonfv@cloudflare.com,Female,Research and Development,6082
573,Augustine,Sweet,asweetfw@java.com,Female,Engineering,3720
574,Derron,De Francesco,ddefrancescofx@weibo.com,Male,Marketing,6447
575,Carlen,Ferminger,cfermingerfy@google.ru,Female,Product Management,3518
576,Rudie,Riggulsford,rriggulsfordfz@youtu.be,Male,Training,5194
577,Anastasie,Barfford,abarffordg0@marriott.com,Female,Product Management,6717
578,Leonanie,Cicco,lciccog1@redcross.org,Female,Human Resources,3987
579,Georgina,Kerfut,gkerfutg2@loc.gov,Female,Human Resources,5550
580,Benedick,Brizland,bbrizlandg3@cnn.com,Male,Services,5804
581,Donavon,Laverack,dlaverackg4@newsvine.com,Male,Business Development,5887
582,Cassondra,Grimwad,cgrimwadg5@over-blog.com,Female,Engineering,3867
583,Jeno,Calven,jcalveng6@shop-pro.jp,Male,Engineering,4287
584,Efrem,Youings,eyouingsg7@g.co,Male,Sales,7755
585,Talya,Fumagallo,tfumagallog8@github.io,Female,Training,7248
586,Baxie,Hurdman,bhurdmang9@tripadvisor.com,Male,Marketing,5379
587,Nahum,Fisbey,nfisbeyga@globo.com,Male,Research and Development,6206
588,Di,Doreward,ddorewardgb@npr.org,Female,Sales,7590
589,Reilly,Chasemoore,rchasemooregc@github.io,Male,Research and Development,4338
590,Carmel,Ferrieres,cferrieresgd@dropbox.com,Female,Training,7193
591,Mirilla,Khomich,mkhomichge@gnu.org,Female,Product Management,7408
592,Edie,Perillo,eperillogf@homestead.com,Female,Accounting,5249
593,Bibbie,Baal,bbaalgg@squidoo.com,Female,Services,5277
594,Pru,Alesin,palesingh@skyrock.com,Female,Sales,6513
595,Kristin,Juniper,kjunipergi@about.com,Female,Support,5055
596,Brok,Patrick,bpatrickgj@blinklist.com,Male,Training,4820
597,Humbert,Ariss,harissgk@phoca.cz,Male,Product Management,3652
598,Stanislaw,Fensome,sfensomegl@networksolutions.com,Male,Support,6535
599,Clifford,Castlake,ccastlakegm@hubpages.com,Male,Engineering,6210
600,Auberta,Harget,ahargetgn@usgs.gov,Female,Services,6560
601,Scotti,Pucknell,spucknellgo@github.io,Male,Sales,6783
602,Darelle,Cheverell,dcheverellgp@washington.edu,Female,Training,5371
603,Zolly,Cayford,zcayfordgq@wsj.com,Male,Services,5281
604,Nobie,Gray,ngraygr@eventbrite.com,Male,Research and Development,4679
605,Rozella,Waddingham,rwaddinghamgs@networkadvertising.org,Female,Business Development,5898
606,Borden,Clutten,bcluttengt@acquirethisname.com,Male,Training,7846
607,Launce,Rey,lreygu@1und1.de,Male,Marketing,5497
608,Cullen,Aspinell,caspinellgv@stanford.edu,Male,Engineering,6474
609,Joyous,Flescher,jfleschergw@state.gov,Female,Accounting,3710
610,Lela,Duffan,lduffangx@is.gd,Female,Business Development,5654
611,Ida,Seth,isethgy@storify.com,Female,Product Management,7051
612,Tirrell,Clapham,tclaphamgz@feedburner.com,Male,Research and Development,4128
613,Suzette,Greville,sgrevilleh0@smugmug.com,Female,Support,5188
614,Boot,Chezelle,bchezelleh1@netvibes.com,Male,Marketing,6112
615,Quinta,Roderham,qroderhamh2@nifty.com,Female,Support,5206
616,Aurore,Temby,atembyh3@goo.ne.jp,Female,Support,4100
617,Casey,Chettoe,cchettoeh4@wordpress.com,Male,Services,6612
618,Jesse,McGeraghty,jmcgeraghtyh5@prnewswire.com,Female,Training,4123
619,Lory,Dunrige,ldunrigeh6@fastcompany.com,Female,Human Resources,4126
620,Henrik,Whitelaw,hwhitelawh7@archive.org,Male,Support,3259
621,Gar,Avison,gavisonh8@yellowbook.com,Male,Business Development,6381
622,Norah,Bowker,nbowkerh9@blogger.com,Female,Business Development,7460
623,Kristal,Phillps,kphillpsha@w3.org,Female,Business Development,4208
624,Keir,Bauser,kbauserhb@phpbb.com,Male,Training,5200
625,Seth,Tolefree,stolefreehc@msn.com,Male,Training,6730
626,Jarad,Fawcitt,jfawcitthd@phpbb.com,Male,Sales,3943
627,Ogden,Fortin,ofortinhe@simplemachines.org,Male,Support,7148
628,Jolene,Menci,jmencihf@jugem.jp,Female,Accounting,5159
629,Cahra,Kiezler,ckiezlerhg@jugem.jp,Female,Training,3242
630,Torrey,Eckery,teckeryhh@newyorker.com,Male,Product Management,6283
631,Kliment,Luc,kluchi@paginegialle.it,Male,Engineering,7521
632,Janey,Letterese,jletteresehj@scribd.com,Female,Accounting,6460
633,Tymon,Hymus,thymushk@google.fr,Male,Marketing,7694
634,Bertine,Twiggins,btwigginshl@ucsd.edu,Female,Product Management,5503
635,Algernon,Janauschek,ajanauschekhm@wordpress.org,Male,Accounting,3999
636,Jackie,Yitzhak,jyitzhakhn@economist.com,Male,Human Resources,3204
637,Francklin,Laddle,fladdleho@archive.org,Male,Product Management,7681
638,Zachariah,Carmody,zcarmodyhp@dailymotion.com,Male,Support,4196
639,Normand,Springham,nspringhamhq@amazon.co.jp,Male,Support,7399
640,Kelly,Piatek,kpiatekhr@symantec.com,Female,Research and Development,5038
641,Hammad,MacAndrew,hmacandrewhs@mapy.cz,Male,Business Development,4291
642,Mathew,Caveau,mcaveauht@yale.edu,Male,Human Resources,6361
643,Patti,Priden,ppridenhu@prlog.org,Female,Research and Development,5174
644,Beverley,FitzAlan,bfitzalanhv@wunderground.com,Female,Engineering,4823
645,Eldridge,Godding,egoddinghw@pagesperso-orange.fr,Male,Support,3794
646,Keenan,Dunckley,kdunckleyhx@earthlink.net,Male,Product Management,3878
647,Catha,Branson,cbransonhy@yandex.ru,Female,Sales,3332
648,Che,Pentland,cpentlandhz@linkedin.com,Male,Sales,6853
649,Pru,Taber,ptaberi0@engadget.com,Female,Product Management,7015
650,Elberta,Yockley,eyockleyi1@theatlantic.com,Female,Business Development,3513
651,Erny,Bruyntjes,ebruyntjesi2@bravesites.com,Male,Accounting,5260
652,Giovanni,Mitchel,gmitcheli3@chronoengine.com,Male,Research and Development,4068
653,Blaine,Crannis,bcrannisi4@aboutads.info,Male,Accounting,7525
654,Farrand,Colman,fcolmani5@twitpic.com,Female,Human Resources,3722
655,Yalonda,Giorgi,ygiorgii6@bloomberg.com,Female,Human Resources,3256
656,Prissie,Agates,pagatesi7@gmpg.org,Female,Sales,5160
657,Dulcy,Yurocjkin,dyurocjkini8@adobe.com,Female,Human Resources,4901
658,Nannette,Guiot,nguioti9@indiegogo.com,Female,Engineering,4485
659,Cly,Lillegard,clillegardia@clickbank.net,Male,Engineering,7310
660,Livy,Simone,lsimoneib@ycombinator.com,Female,Research and Development,3932
661,Delphine,Padmore,dpadmoreic@fotki.com,Female,Legal,7775
662,Teressa,Ashman,tashmanid@whitehouse.gov,Female,Human Resources,5690
663,Keith,Mogg,kmoggie@quantcast.com,Male,Legal,5840
664,Izabel,Brabyn,ibrabynif@prnewswire.com,Female,Marketing,7885
665,Rutter,Adamczewski,radamczewskiig@ft.com,Male,Services,5893
666,Efrem,Espinho,eespinhoih@elpais.com,Male,Product Management,7825
667,Parker,Scudder,pscudderii@weebly.com,Male,Product Management,3366
668,Saloma,Vinson,svinsonij@microsoft.com,Female,Training,3631
669,Elisabet,Meace,emeaceik@ibm.com,Female,Marketing,7322
670,Levy,Stolting,lstoltingil@buzzfeed.com,Male,Product Management,4980
671,Gloriana,Bramwell,gbramwellim@surveymonkey.com,Female,Support,4212
672,Neils,Bowe,nbowein@diigo.com,Male,Business Development,7346
673,Rebe,Elacoate,relacoateio@ebay.com,Female,Services,3855
674,Stanley,Fortin,sfortinip@google.es,Male,Research and Development,7947
675,Madeline,Chalcraft,mchalcraftiq@businessweek.com,Female,Legal,7396
676,Emyle,Focke,efockeir@gravatar.com,Female,Legal,6329
677,Penni,Lawrance,plawranceis@patch.com,Female,Product Management,3312
678,Carolan,Dacca,cdaccait@netlog.com,Female,Product Management,4660
679,Sloane,Eveleigh,seveleighiu@skyrock.com,Male,Accounting,4012
680,Nadia,Stitson,nstitsoniv@narod.ru,Female,Sales,7192
681,Rolf,Olivas,rolivasiw@aboutads.info,Male,Engineering,7248
682,Tanitansy,Vallantine,tvallantineix@joomla.org,Female,Sales,7951
683,Caressa,Loomes,cloomesiy@furl.net,Female,Sales,3975
684,Natale,Masselin,nmasseliniz@constantcontact.com,Male,Legal,7858
685,Leo,Lucio,llucioj0@alibaba.com,Male,Marketing,5275
686,Stafani,Dugood,sdugoodj1@behance.net,Female,Services,6214
687,Leona,O'Scollain,loscollainj2@cbsnews.com,Female,Support,6656
688,Zsa zsa,Coal,zcoalj3@mozilla.org,Female,Services,4671
689,Johnathon,Squirrel,jsquirrelj4@sakura.ne.jp,Male,Sales,4898
690,Cassie,Karlolak,ckarlolakj5@ucoz.ru,Female,Engineering,5876
691,Isak,Parkey,iparkeyj6@dagondesign.com,Male,Support,3947
692,Quinn,Hendrick,qhendrickj7@time.com,Male,Engineering,4216
693,Harry,McKerley,hmckerleyj8@google.ca,Male,Marketing,6405
694,Manny,MacNair,mmacnairj9@histats.com,Male,Engineering,6257
695,Mathian,Clarke,mclarkeja@house.gov,Male,Sales,7974
696,Bobby,Meatcher,bmeatcherjb@biblegateway.com,Male,Services,6064
697,Nan,Rollin,nrollinjc@whitehouse.gov,Female,Marketing,4577
698,Fraser,Meehan,fmeehanjd@independent.co.uk,Male,Services,6053
699,Glynis,Bereford,gberefordje@squarespace.com,Female,Marketing,4430
700,Perice,Tilt,ptiltjf@blogspot.com,Male,Training,5658
701,Reinaldo,Kingswoode,rkingswoodejg@nbcnews.com,Male,Accounting,5629
702,Armand,MacGillacolm,amacgillacolmjh@ucoz.ru,Male,Sales,5985
703,Priscilla,Longwood,plongwoodji@rambler.ru,Female,Engineering,3788
704,Wendie,Soal,wsoaljj@usa.gov,Female,Accounting,7560
705,Sidonia,Gammon,sgammonjk@techcrunch.com,Female,Services,5123
706,Shari,Loudwell,sloudwelljl@goodreads.com,Female,Sales,5415
707,Nanine,Busch,nbuschjm@slate.com,Female,Human Resources,5385
708,Chet,Upwood,cupwoodjn@edublogs.org,Male,Support,4232
709,Adeline,Jamot,ajamotjo@networkadvertising.org,Female,Support,5995
710,Egan,Stark,estarkjp@51.la,Male,Marketing,3599
711,Gabbey,Ambrosi,gambrosijq@tripadvisor.com,Female,Research and Development,5409
712,Lucias,Nitti,lnittijr@soundcloud.com,Male,Training,3680
713,Ingeborg,Knatt,iknattjs@google.com,Female,Training,5034
714,Kaitlin,MacLennan,kmaclennanjt@google.ca,Female,Research and Development,4953
715,Mead,Rackstraw,mrackstrawju@ow.ly,Female,Human Resources,4263
716,Arlen,Denniston,adennistonjv@google.ca,Male,Support,6636
717,Hasty,Wrightham,hwrighthamjw@360.cn,Male,Marketing,5533
718,Sergeant,Summerson,ssummersonjx@xing.com,Male,Training,3589
719,Myranda,Reynoollds,mreynoolldsjy@surveymonkey.com,Female,Accounting,5676
720,Jessee,Jaggi,jjaggijz@unesco.org,Male,Product Management,5006
721,Conny,Jumeau,cjumeauk0@upenn.edu,Male,Human Resources,7245
722,Michele,Jerrolt,mjerroltk1@hugedomains.com,Male,Accounting,6757
723,Sadella,Chase,schasek2@mashable.com,Female,Accounting,5016
724,Clim,Golder,cgolderk3@g.co,Male,Support,4606
725,Tristan,Arblaster,tarblasterk4@seattletimes.com,Male,Legal,4812
726,Ekaterina,West-Frimley,ewestfrimleyk5@simplemachines.org,Female,Support,3297
727,Markus,Beddow,mbeddowk6@yelp.com,Male,Sales,5139
728,Alfreda,Basnall,abasnallk7@fema.gov,Female,Human Resources,5983
729,Crawford,Hesey,cheseyk8@hugedomains.com,Male,Training,5052
730,Justen,Andresser,jandresserk9@ustream.tv,Male,Business Development,5144
731,August,Kittredge,akittredgeka@ucla.edu,Male,Business Development,4721
732,Mattie,Bannerman,mbannermankb@marketwatch.com,Female,Services,5578
733,Kandace,Bartalot,kbartalotkc@twitpic.com,Female,Business Development,4725
734,Basil,Shelsher,bshelsherkd@hud.gov,Male,Marketing,3385
735,Sheela,Szymanzyk,sszymanzykke@ycombinator.com,Female,Sales,4876
736,Aymer,Scholler,aschollerkf@diigo.com,Male,Legal,7827
737,Siward,Verillo,sverillokg@mapquest.com,Male,Support,4528
738,Darelle,Whorlton,dwhorltonkh@patch.com,Female,Services,4258
739,Malchy,Bremley,mbremleyki@sciencedaily.com,Male,Accounting,7498
740,Nollie,Baxter,nbaxterkj@go.com,Male,Product Management,7492
741,Dionis,Lieb,dliebkk@oakley.com,Female,Legal,6479
742,Puff,Linden,plindenkl@etsy.com,Male,Legal,6295
743,Vic,Burden,vburdenkm@guardian.co.uk,Male,Research and Development,3970
744,Cara,Aitchison,caitchisonkn@ucoz.ru,Female,Support,7466
745,Millie,Shepeard,mshepeardko@soup.io,Female,Legal,5098
746,Faulkner,Felstead,ffelsteadkp@imgur.com,Male,Product Management,5259
747,Dacia,Johnston,djohnstonkq@house.gov,Female,Business Development,5363
748,Cassie,Rue,cruekr@fotki.com,Male,Business Development,6879
749,Jami,Gotch,jgotchks@vk.com,Female,Services,3907
750,Fawnia,Rogister,frogisterkt@springer.com,Female,Support,4808
751,Egbert,Neeve,eneeveku@addthis.com,Male,Marketing,6897
752,Drucill,Cornils,dcornilskv@nasa.gov,Female,Research and Development,4811
753,Floris,Pringuer,fpringuerkw@mysql.com,Female,Research and Development,6353
754,Billy,Knight,bknightkx@bigcartel.com,Male,Sales,3255
755,Thor,Standley,tstandleyky@dedecms.com,Male,Sales,7302
756,Cosme,Woolf,cwoolfkz@phpbb.com,Male,Marketing,5842
757,Armando,Thireau,athireaul0@dell.com,Male,Engineering,4331
758,Haily,Sunnex,hsunnexl1@cocolog-nifty.com,Male,Research and Development,6295
759,Corenda,Fosken,cfoskenl2@wordpress.org,Female,Engineering,3662
760,Amalita,Blyden,ablydenl3@businessweek.com,Female,Services,7331
761,Janel,Batters,jbattersl4@sbwire.com,Female,Legal,6250
762,Emelia,Sharrem,esharreml5@oakley.com,Female,Engineering,7233
763,Simon,Wodham,swodhaml6@yale.edu,Male,Services,7995
764,Martie,Franchyonok,mfranchyonokl7@vinaora.com,Male,Sales,4325
765,Hanan,Allot,hallotl8@spotify.com,Male,Marketing,5224
766,Cleve,Weatherhead,cweatherheadl9@mashable.com,Male,Sales,5494
767,Tyrus,Borrington,tborringtonla@bloglines.com,Male,Business Development,3774
768,Gabriello,Garratty,ggarrattylb@privacy.gov.au,Male,Engineering,7835
769,Aubrey,Gozney,agozneylc@yahoo.com,Male,Business Development,3701
770,Bond,Waldocke,bwaldockeld@foxnews.com,Male,Legal,6100
771,Rikki,Ovington,rovingtonle@youku.com,Female,Legal,4069
772,Neala,Mintoft,nmintoftlf@smh.com.au,Female,Human Resources,6823
773,Olivier,Martensen,omartensenlg@webs.com,Male,Product Management,7660
774,Xymenes,Shorton,xshortonlh@usda.gov,Male,Support,6745
775,Otha,McHugh,omchughli@unblog.fr,Female,Support,5219
776,Stoddard,Bratty,sbrattylj@e-recht24.de,Female,Human Resources,5522
777,Bamby,Firks,bfirkslk@digg.com,Female,Accounting,6811
778,Abigail,Bish,abishll@baidu.com,Female,Business Development,7684
779,Doreen,Guilloneau,dguilloneaulm@bbb.org,Female,Human Resources,3506
780,Peg,MacMeeking,pmacmeekingln@privacy.gov.au,Female,Engineering,4756
781,Aubry,Healks,ahealkslo@usda.gov,Female,Research and Development,5758
782,Carmel,Cearley,ccearleylp@berkeley.edu,Female,Sales,3226
783,Edsel,Boyes,eboyeslq@disqus.com,Male,Engineering,6217
784,Sloan,Feaveryear,sfeaveryearlr@statcounter.com,Male,Training,4734
785,Cosmo,Fairfoot,cfairfootls@yellowbook.com,Male,Human Resources,4257
786,Jeri,Stanworth,jstanworthlt@yale.edu,Female,Product Management,3308
787,Henrik,Bagworth,hbagworthlu@desdev.cn,Male,Legal,4314
788,Ingmar,Linkie,ilinkielv@blogger.com,Male,Accounting,3589
789,Dore,Caslane,dcaslanelw@instagram.com,Female,Product Management,5695
790,Homerus,Larmouth,hlarmouthlx@cpanel.net,Male,Engineering,3429
791,Frederico,Lagden,flagdenly@alexa.com,Male,Engineering,6620
792,Merrill,MacAvddy,mmacavddylz@friendfeed.com,Female,Accounting,6343
793,Gustaf,Snalom,gsnalomm0@state.tx.us,Male,Sales,4460
794,Elianore,Broxholme,ebroxholmem1@a8.net,Female,Legal,4873
795,Hugh,Keaves,hkeavesm2@springer.com,Male,Marketing,7310
796,Farlay,Bithell,fbithellm3@ehow.com,Male,Training,6468
797,Camey,Renne,crennem4@mlb.com,Male,Product Management,4362
798,Philbert,Hearle,phearlem5@irs.gov,Male,Support,3223
799,Dunc,Mattevi,dmattevim6@seattletimes.com,Male,Accounting,6943
800,Fan,Artois,fartoism7@hp.com,Female,Legal,7100
801,Brewer,Smieton,bsmietonm8@taobao.com,Male,Business Development,6899
802,Zebedee,Dinkin,zdinkinm9@dmoz.org,Male,Training,4844
803,Darleen,Fugere,dfugerema@behance.net,Female,Services,3556
804,Valentina,Mullord,vmullordmb@ifeng.com,Female,Marketing,4694
805,Shawn,Kedge,skedgemc@gov.uk,Male,Legal,7427
806,Libby,Cocher,lcochermd@fastcompany.com,Female,Human Resources,4232
807,Corissa,Quemby,cquembyme@wiley.com,Female,Human Resources,3356
808,Ilario,Aisman,iaismanmf@ed.gov,Male,Human Resources,5514
809,Franklin,Kohtler,fkohtlermg@twitpic.com,Male,Services,4702
810,Corene,Farge,cfargemh@sohu.com,Female,Sales,4514
811,Rosabella,Killner,rkillnermi@spiegel.de,Female,Accounting,6946
812,Millisent,Smallcombe,msmallcombemj@guardian.co.uk,Female,Accounting,6830
813,Tony,Richichi,trichichimk@businessweek.com,Male,Training,5753
814,Duff,Oxberry,doxberryml@oaic.gov.au,Male,Engineering,4160
815,Katine,Boarer,kboarermm@google.nl,Female,Services,6567
816,Iona,Willcott,iwillcottmn@wiley.com,Female,Support,4761
817,Lauraine,Barron,lbarronmo@1688.com,Female,Accounting,5454
818,Ethelind,Chedzoy,echedzoymp@nature.com,Female,Sales,6913
819,Madlen,Daen,mdaenmq@intel.com,Female,Sales,4736
820,Manya,Belfitt,mbelfittmr@last.fm,Female,Legal,6103
821,Devin,Carlan,dcarlanms@spotify.com,Female,Product Management,7350
822,Marji,Goodyer,mgoodyermt@eventbrite.com,Female,Product Management,4746
823,Effie,Kenwrick,ekenwrickmu@symantec.com,Female,Support,5227
824,Web,Ickovic,wickovicmv@instagram.com,Male,Legal,7438
825,Fredra,Stinton,fstintonmw@ca.gov,Female,Product Management,4480
826,Belle,Daout,bdaoutmx@woothemes.com,Female,Services,7161
827,Tallou,Vanyarkin,tvanyarkinmy@hibu.com,Female,Human Resources,6522
828,Vito,Hugh,vhughmz@feedburner.com,Male,Support,7617
829,Rois,Pavyer,rpavyern0@hao123.com,Female,Legal,6476
830,Matilda,Bauchop,mbauchopn1@paginegialle.it,Female,Engineering,7412
831,Jonathon,Lendon,jlendonn2@zdnet.com,Male,Research and Development,6660
832,Karim,Realff,krealffn3@thetimes.co.uk,Male,Legal,6616
833,Lindsey,Gammell,lgammelln4@newsvine.com,Male,Services,4982
834,Carolus,Garwell,cgarwelln5@comsenz.com,Male,Support,5905
835,Rikki,Bassano,rbassanon6@eventbrite.com,Male,Support,7659
836,Wenonah,Heams,wheamsn7@360.cn,Female,Engineering,3455
837,Ester,Spurdle,espurdlen8@omniture.com,Female,Product Management,7289
838,Friedrich,Clemendet,fclemendetn9@sciencedirect.com,Male,Services,5499
839,Paulette,Dooman,pdoomanna@tripadvisor.com,Female,Support,5422
840,Karolina,Petzold,kpetzoldnb@ihg.com,Female,Business Development,7359
841,Tammie,Eshelby,teshelbync@forbes.com,Female,Business Development,6712
842,Lavinia,Hinnerk,lhinnerknd@flickr.com,Female,Sales,6227
843,Colby,Meneer,cmeneerne@devhub.com,Male,Human Resources,3416
844,Ulrikaumeko,Pedrazzi,upedrazzinf@a8.net,Female,Product Management,5763
845,Ida,Castledine,icastledineng@usa.gov,Female,Services,7299
846,Leif,Ruston,lrustonnh@oaic.gov.au,Male,Legal,4388
847,Robby,Pock,rpockni@creativecommons.org,Female,Support,3271
848,Jacklin,Winspar,jwinsparnj@spotify.com,Female,Research and Development,7068
849,Noby,Scaplehorn,nscaplehornnk@dailymail.co.uk,Male,Accounting,6062
850,Olia,Hansman,ohansmannl@twitpic.com,Female,Business Development,6891
851,Patrick,Bulcock,pbulcocknm@ted.com,Male,Accounting,7872
852,Dominique,Ambrogiotti,dambrogiottinn@nhs.uk,Male,Engineering,7857
853,Hernando,Jouhan,hjouhanno@angelfire.com,Male,Research and Development,7253
854,Melva,Malloch,mmallochnp@telegraph.co.uk,Female,Business Development,5143
855,Ashien,Belmont,abelmontnq@hc360.com,Female,Business Development,3240
856,Anderson,Grigg,agriggnr@dropbox.com,Male,Marketing,3677
857,Rockwell,Pelzer,rpelzerns@csmonitor.com,Male,Training,4629
858,Dotti,Doogue,ddooguent@utexas.edu,Female,Human Resources,6056
859,Saraann,Renahan,srenahannu@dagondesign.com,Female,Business Development,5611
860,Tate,Daniellot,tdaniellotnv@ed.gov,Female,Research and Development,7638
861,Michael,Hartil,mhartilnw@admin.ch,Male,Legal,4529
862,Mommy,Purselowe,mpurselowenx@lulu.com,Female,Human Resources,6493
863,Caleb,Luckwell,cluckwellny@github.com,Male,Legal,3202
864,Marion,Gustus,mgustusnz@admin.ch,Male,Legal,3294
865,Melvin,MacGilpatrick,mmacgilpatricko0@deliciousdays.com,Male,Legal,6668
866,Claudio,Brokenshaw,cbrokenshawo1@prnewswire.com,Male,Legal,6564
867,Marty,Hallbird,mhallbirdo2@dion.ne.jp,Female,Training,5625
868,Alistair,Adamczewski,aadamczewskio3@zimbio.com,Male,Accounting,6814
869,Katerine,Martynikhin,kmartynikhino4@boston.com,Female,Legal,6022
870,Heddi,Ship,hshipo5@army.mil,Female,Services,4497
871,Cherri,Quinnell,cquinnello6@tmall.com,Female,Engineering,7989
872,Corabella,Bampforth,cbampfortho7@ibm.com,Female,Marketing,6050
873,Lockwood,Daintrey,ldaintreyo8@zimbio.com,Male,Marketing,5240
874,Aurelie,Eydel,aeydelo9@google.nl,Female,Support,7153
875,Arin,Mellody,amellodyoa@shutterfly.com,Male,Training,6921
876,Ellsworth,Showering,eshoweringob@altervista.org,Male,Legal,6237
877,Jenifer,Blogg,jbloggoc@comcast.net,Female,Training,6168
878,Flss,Foulstone,ffoulstoneod@archive.org,Female,Product Management,4116
879,Corey,Ugo,cugooe@yolasite.com,Male,Sales,3848
880,Mela,Hallut,mhallutof@edublogs.org,Female,Marketing,5510
881,Harriot,De Lacey,hdelaceyog@zimbio.com,Female,Services,7024
882,Cristabel,Bankes,cbankesoh@msn.com,Female,Research and Development,4640
883,Leonerd,Buye,lbuyeoi@washington.edu,Male,Services,4287
884,Elbert,Bedberry,ebedberryoj@google.com.au,Male,Accounting,4034
885,Kesley,Biasioli,kbiasioliok@businesswire.com,Female,Accounting,5274
886,Mylo,Sussans,msussansol@ustream.tv,Male,Support,6484
887,Honey,Dono,hdonoom@163.com,Female,Support,5182
888,Arvin,Roddy,aroddyon@twitpic.com,Male,Support,4687
889,Obediah,Phillpot,ophillpotoo@sciencedaily.com,Male,Product Management,3741
890,Marielle,Smyth,msmythop@epa.gov,Female,Sales,3753
891,Georgia,Taffurelli,gtaffurellioq@unesco.org,Female,Marketing,6464
892,Marlowe,Jenks,mjenksor@earthlink.net,Male,Training,4302
893,Eward,Janczyk,ejanczykos@dyndns.org,Male,Engineering,7679
894,Delphinia,Plum,dplumot@phpbb.com,Female,Product Management,5071
895,Jillie,Skate,jskateou@businessinsider.com,Female,Support,4748
896,Galen,Bolderoe,gbolderoeov@weebly.com,Male,Human Resources,6122
897,Elsa,Mattingly,emattinglyow@zdnet.com,Female,Accounting,5745
898,Rodolfo,Longmead,rlongmeadox@ca.gov,Male,Sales,7432
899,Arri,Pinks,apinksoy@samsung.com,Male,Services,5369
900,Brion,Alloway,ballowayoz@webs.com,Male,Marketing,7255
901,Judas,Kingswood,jkingswoodp0@ow.ly,Male,Human Resources,4948
902,Torin,McKearnen,tmckearnenp1@time.com,Male,Services,4044
903,Brett,Sandlin,bsandlinp2@un.org,Female,Research and Development,4876
904,Francklin,Pietzker,fpietzkerp3@wisc.edu,Male,Legal,7122
905,Gan,Camocke,gcamockep4@51.la,Male,Human Resources,7813
906,Bobette,Naulty,bnaultyp5@cbc.ca,Female,Engineering,7973
907,Sammie,Reddecliffe,sreddecliffep6@ibm.com,Male,Accounting,5123
908,Wain,Orrock,worrockp7@mapy.cz,Male,Training,6912
909,Gerry,Zupo,gzupop8@aboutads.info,Male,Training,6099
910,Slade,Murrells,smurrellsp9@latimes.com,Male,Services,3849
911,Hermine,Lambdin,hlambdinpa@php.net,Female,Accounting,4772
912,Angie,Skellon,askellonpb@google.com.br,Male,Training,5538
913,Eugenia,Scanes,escanespc@delicious.com,Female,Training,3360
914,Tommie,Eves,tevespd@npr.org,Male,Legal,4024
915,Susette,Milner,smilnerpe@cisco.com,Female,Business Development,7529
916,Happy,McGahey,hmcgaheypf@wufoo.com,Female,Legal,4673
917,Zorine,Ubsdall,zubsdallpg@netscape.com,Female,Research and Development,5588
918,Carry,Dering,cderingph@ning.com,Female,Services,6200
919,Sallie,Banisch,sbanischpi@wp.com,Female,Legal,3811
920,Aguie,Markie,amarkiepj@hao123.com,Male,Accounting,4275
921,Gabbey,McClary,gmcclarypk@hexun.com,Female,Human Resources,4987
922,Saleem,Ianinotti,sianinottipl@buzzfeed.com,Male,Human Resources,6925
923,Nollie,Giovannacc@i,ngiovannaccipm@google.com.hk,Male,Accounting,4523
924,Brok,Houdhury,bhoudhurypn@independent.co.uk,Male,Business Development,7548
925,Sinclair,Fladgate,sfladgatepo@wisc.edu,Male,Support,5926
926,Patsy,Stancliffe,pstancliffepp@biglobe.ne.jp,Male,Business Development,6674
927,Teressa,Freeborne,tfreebornepq@goo.gl,Female,Legal,6918
928,Helga,Flacknoe,hflacknoepr@merriam-webster.com,Female,Engineering,4479
929,Lilyan,Ollarenshaw,lollarenshawps@surveymonkey.com,Female,Training,5815
930,Kris,Brightwell,kbrightwellpt@noaa.gov,Male,Engineering,5148
931,Doyle,Greendale,dgreendalepu@hostgator.com,Male,Sales,5502
932,Grayce,Kraft,gkraftpv@arstechnica.com,Female,Accounting,7107
933,Berny,Dericut,bdericutpw@addthis.com,Female,Research and Development,5589
934,Ethelred,Bettinson,ebettinsonpx@yandex.ru,Male,Engineering,7711
935,Tori,Dobbing,tdobbingpy@apache.org,Female,Product Management,6666
936,Gunilla,Parkyn,gparkynpz@nymag.com,Female,Legal,5534
937,Diana,Brower,dbrowerq0@topsy.com,Female,Support,6505
938,Ashla,Goakes,agoakesq1@pinterest.com,Female,Services,6802
939,Barn,McPeake,bmcpeakeq2@time.com,Male,Marketing,4932
940,Sigvard,Stych,sstychq3@phpbb.com,Male,Accounting,3875
941,Turner,Skipworth,tskipworthq4@list-manage.com,Male,Business Development,6433
942,Nick,Starte,nstarteq5@phoca.cz,Male,Accounting,4726
943,Lowe,Wharton,lwhartonq6@livejournal.com,Male,Marketing,3931
944,Alden,Naptin,anaptinq7@cnet.com,Male,Services,7567
945,Yulma,Iacovelli,yiacovelliq8@geocities.jp,Male,Training,3649
946,Vale,Bertram,vbertramq9@ow.ly,Female,Support,3358
947,Odessa,Riddock,oriddockqa@alibaba.com,Female,Marketing,7202
948,Dulce,Saunton,dsauntonqb@so-net.ne.jp,Female,Business Development,3831
949,Marcello,McGeorge,mmcgeorgeqc@ihg.com,Male,Research and Development,4949
950,Ced,Zanini,czaniniqd@fema.gov,Male,Human Resources,3307
951,Teddie,Tabour,ttabourqe@ezinearticles.com,Male,Accounting,7399
952,Doretta,Brinded,dbrindedqf@mozilla.com,Female,Accounting,6145
953,Si,Bennis,sbennisqg@fastcompany.com,Male,Marketing,6908
954,Loreen,Torrans,ltorransqh@e-recht24.de,Female,Accounting,6477
955,Suzanna,Tinniswood,stinniswoodqi@geocities.jp,Female,Human Resources,5517
956,Bernie,Sturdgess,bsturdgessqj@weebly.com,Female,Training,5876
957,Lacie,Wehner,lwehnerqk@friendfeed.com,Female,Accounting,7083
958,Gwen,Falls,gfallsql@gravatar.com,Female,Legal,7559
959,Tremayne,Critchell,tcritchellqm@google.com.hk,Male,Human Resources,5738
960,Krishnah,Ephson,kephsonqn@sciencedirect.com,Male,Support,3337
961,Selina,Sach,ssachqo@joomla.org,Female,Product Management,4733
962,Essa,Cowthard,ecowthardqp@nationalgeographic.com,Female,Sales,3597
963,Rex,Rachuig,rrachuigqq@va.gov,Male,Research and Development,3911
964,Reta,Fludgate,rfludgateqr@sourceforge.net,Female,Sales,3267
965,Herschel,Julyan,hjulyanqs@yolasite.com,Male,Accounting,3953
966,Annabell,Breckon,abreckonqt@google.com.br,Female,Sales,3544
967,Allx,Colicot,acolicotqu@themeforest.net,Female,Human Resources,5357
968,Minette,Cummungs,mcummungsqv@about.com,Female,Product Management,5817
969,Barnard,Sanbroke,bsanbrokeqw@cnn.com,Male,Support,3797
970,Ashlie,Cristofari,acristofariqx@aol.com,Female,Legal,4737
971,Winston,Jenkison,wjenkisonqy@pinterest.com,Male,Support,3422
972,Stevie,Wavell,swavellqz@twitpic.com,Male,Engineering,6450
973,Zarla,Ditt,zdittr0@printfriendly.com,Female,Product Management,7900
974,Toiboid,Goudard,tgoudardr1@yandex.ru,Male,Training,7319
975,Berkie,McAdam,bmcadamr2@fda.gov,Male,Support,5095
976,Husain,Renfrew,hrenfrewr3@1und1.de,Male,Legal,5049
977,Emmanuel,Eubank,eeubankr4@businessweek.com,Male,Accounting,6072
978,Julietta,Menpes,jmenpesr5@artisteer.com,Female,Training,6468
979,Juliette,Gingedale,jgingedaler6@sbwire.com,Female,Engineering,7509
980,Ignace,Flisher,iflisherr7@istockphoto.com,Male,Product Management,4801
981,Korry,Mingaye,kmingayer8@usgs.gov,Female,Services,5450
982,Conni,Macauley,cmacauleyr9@freewebs.com,Female,Product Management,5361
983,Timothy,Tebbit,ttebbitra@scientificamerican.com,Male,Legal,6939
984,Dalli,Lidierth,dlidierthrb@usatoday.com,Male,Accounting,3346
985,Sarette,Jenney,sjenneyrc@npr.org,Female,Training,3335
986,Killie,Pegler,kpeglerrd@fc2.com,Male,Training,4984
987,Delaney,Luno,dlunore@woothemes.com,Male,Research and Development,5896
988,Dyanne,Piers,dpiersrf@addtoany.com,Female,Accounting,4516
989,Yolanthe,Chainey,ychaineyrg@paypal.com,Female,Engineering,6244
990,Ody,Layland,olaylandrh@phoca.cz,Male,Services,6640
991,Vachel,Puller,vpullerri@posterous.com,Male,Marketing,7077
992,Stewart,Sibary,ssibaryrj@github.io,Male,Legal,7630
993,Teador,Quipp,tquipprk@so-net.ne.jp,Male,Sales,7786
994,Caleb,Lambrook,clambrookrl@indiatimes.com,Male,Research and Development,4424
995,Raf,Raspison,rraspisonrm@dion.ne.jp,Female,Human Resources,4480
996,Salvatore,Lushey,slusheyrn@oracle.com,Male,Training,5214
997,Danika,Crowther,dcrowtherro@friendfeed.com,Female,Engineering,7974
998,Cathi,Smails,csmailsrp@yahoo.co.jp,Female,Marketing,6007
999,Arielle,Thorsen,athorsenrq@amazon.de,Female,Human Resources,3319
1000,Melisse,Kasman,mkasmanrr@wikimedia.org,Female,Support,6070
